{"cameraMode":{"drawMode":0,"name":"Shaded","section":"Shading Mode"},"sceneLighting":true,"audioPlay":false,"sceneViewState":{"showFog":true,"showMaterialUpdate":false,"showSkybox":true,"showFlares":true,"showImageEffects":true,"showParticleSystems":true,"showVisualEffectGraphs":true,"m_FxEnabled":true},"in2DMode":false,"pivot":{"x":13.439399719238282,"y":2.699613571166992,"z":23.57943344116211},"rotation":{"x":0.0032402733340859415,"y":0.9148399829864502,"z":-0.007106466684490442,"w":0.4039444029331207},"size":8.403103828430176,"orthographic":false}