{"cameraMode":{"drawMode":0,"name":"Shaded","section":"Shading Mode"},"sceneLighting":true,"audioPlay":false,"sceneViewState":{"showFog":true,"showMaterialUpdate":false,"showSkybox":true,"showFlares":true,"showImageEffects":true,"showParticleSystems":true,"showVisualEffectGraphs":true,"m_FxEnabled":true},"in2DMode":false,"pivot":{"x":11.774199485778809,"y":4.792759895324707,"z":28.111814498901368},"rotation":{"x":-0.028226187452673913,"y":0.914608359336853,"z":-0.06488116830587387,"w":-0.39828088879585268},"size":13.014174461364746,"orthographic":false}