{"cameraMode":{"drawMode":0,"name":"Shaded","section":"Shading Mode"},"sceneLighting":true,"audioPlay":false,"sceneViewState":{"showFog":true,"showMaterialUpdate":false,"showSkybox":true,"showFlares":true,"showImageEffects":true,"showParticleSystems":true},"in2DMode":false,"pivot":{"x":0.6230993270874023,"y":2.705382823944092,"z":1.396430253982544},"rotation":{"x":0.046952057629823688,"y":-0.909713625907898,"z":0.10721110552549362,"w":0.3984126150608063},"size":11.484002113342286,"orthographic":false}