{"cameraMode":{"drawMode":0,"name":"Shaded","section":"Shading Mode"},"sceneLighting":true,"audioPlay":false,"sceneViewState":{"showFog":true,"showMaterialUpdate":false,"showSkybox":true,"showFlares":true,"showImageEffects":true,"showParticleSystems":true},"in2DMode":false,"pivot":{"x":-3.173460006713867,"y":2.3684637546539308,"z":-6.8203229904174809},"rotation":{"x":-0.031679291278123859,"y":0.678806483745575,"z":0.029337305575609208,"w":0.7330523729324341},"size":6.196139812469482,"orthographic":false}